{"cameraMode":{"drawMode":0,"name":"Shaded","section":"Shading Mode"},"sceneLighting":true,"audioPlay":false,"sceneViewState":{"showFog":true,"showMaterialUpdate":false,"showSkybox":false,"showFlares":true,"showImageEffects":true,"showParticleSystems":true},"in2DMode":false,"pivot":{"x":3.1504766941070558,"y":9.477890014648438,"z":86.58412170410156},"rotation":{"x":0.24061565101146699,"y":-0.0014556619571521879,"z":0.00036097265547141433,"w":0.9706211686134338},"size":272.09649658203127,"orthographic":false}