{"cameraMode":{"drawMode":0,"name":"Shaded","section":"Shading Mode"},"sceneLighting":false,"audioPlay":false,"sceneViewState":{"showFog":true,"showMaterialUpdate":false,"showSkybox":false,"showFlares":true,"showImageEffects":true,"showParticleSystems":true},"in2DMode":false,"pivot":{"x":-50.2935791015625,"y":-19.661853790283204,"z":-28.4045352935791},"rotation":{"x":-0.09597819298505783,"y":-0.752452552318573,"z":0.11260121315717697,"w":-0.6418138146400452},"size":30.374975204467775,"orthographic":false}