{"cameraMode":{"drawMode":0,"name":"Shaded","section":"Shading Mode"},"sceneLighting":false,"audioPlay":false,"sceneViewState":{"showFog":true,"showMaterialUpdate":false,"showSkybox":true,"showFlares":true,"showImageEffects":true,"showParticleSystems":true},"in2DMode":false,"pivot":{"x":53.1309814453125,"y":-12.735458374023438,"z":88.62510681152344},"rotation":{"x":0.18428367376327516,"y":-0.6340469717979431,"z":0.15920010209083558,"w":0.7339482307434082},"size":264.6685485839844,"orthographic":false}