{"cameraMode":{"drawMode":0,"name":"Shaded","section":"Shading Mode"},"sceneLighting":true,"audioPlay":false,"sceneViewState":{"showFog":true,"showMaterialUpdate":false,"showSkybox":false,"showFlares":true,"showImageEffects":true,"showParticleSystems":true},"in2DMode":false,"pivot":{"x":81.49227905273438,"y":-35.687374114990237,"z":-0.3373451232910156},"rotation":{"x":0.058521486818790439,"y":0.21686068177223206,"z":-0.013076694682240487,"w":0.9743624329566956},"size":35.396915435791019,"orthographic":false}