{"cameraMode":{"drawMode":0,"name":"Shaded","section":"Shading Mode"},"sceneLighting":true,"audioPlay":false,"sceneViewState":{"showFog":true,"showMaterialUpdate":false,"showSkybox":false,"showFlares":true,"showImageEffects":true,"showParticleSystems":true},"in2DMode":false,"pivot":{"x":89.13150024414063,"y":-11.054450988769532,"z":13.757232666015625},"rotation":{"x":0.09571664035320282,"y":0.2481202781200409,"z":-0.024644460529088975,"w":0.9636740684509277},"size":323.0140380859375,"orthographic":false}