{"cameraMode":{"drawMode":0,"name":"Shaded","section":"Shading Mode"},"sceneLighting":true,"audioPlay":false,"sceneViewState":{"showFog":true,"showMaterialUpdate":false,"showSkybox":false,"showFlares":true,"showImageEffects":true,"showParticleSystems":true},"in2DMode":false,"pivot":{"x":4.791447639465332,"y":27.938331604003908,"z":-4.6433563232421879},"rotation":{"x":-0.002999965799972415,"y":0.008999843150377274,"z":0.000026983812858816236,"w":0.9999560117721558},"size":240.1737060546875,"orthographic":false}