{"cameraMode":{"drawMode":0,"name":"Shaded","section":"Shading Mode"},"sceneLighting":true,"audioPlay":false,"sceneViewState":{"showFog":true,"showMaterialUpdate":false,"showSkybox":false,"showFlares":true,"showImageEffects":true,"showParticleSystems":true},"in2DMode":false,"pivot":{"x":52.779518127441409,"y":-356.6200256347656,"z":1683.906982421875},"rotation":{"x":0.10032537579536438,"y":0.010446875356137753,"z":-0.001053458545356989,"w":0.9948993921279907},"size":1998.101806640625,"orthographic":false}