{"cameraMode":{"drawMode":0,"name":"Shaded","section":"Shading Mode"},"sceneLighting":true,"audioPlay":false,"sceneViewState":{"showFog":true,"showMaterialUpdate":false,"showSkybox":false,"showFlares":true,"showImageEffects":true,"showParticleSystems":true},"in2DMode":false,"pivot":{"x":-255.94508361816407,"y":-65.58338928222656,"z":-48.38092041015625},"rotation":{"x":0.17163658142089845,"y":0.010344087146222592,"z":-0.0018021780997514725,"w":0.985107421875},"size":2640.47216796875,"orthographic":false}