{"cameraMode":{"drawMode":0,"name":"Shaded","section":"Shading Mode"},"sceneLighting":false,"audioPlay":false,"sceneViewState":{"showFog":true,"showMaterialUpdate":false,"showSkybox":false,"showFlares":true,"showImageEffects":true,"showParticleSystems":true},"in2DMode":false,"pivot":{"x":0.0,"y":-0.7737083435058594,"z":-23.211305618286134},"rotation":{"x":0.16834956407546998,"y":-0.42205294966697695,"z":0.08005698025226593,"w":0.8872701525688171},"size":260.6405334472656,"orthographic":true}