{"cameraMode":{"drawMode":0,"name":"Shaded","section":"Shading Mode"},"sceneLighting":true,"audioPlay":false,"sceneViewState":{"showFog":true,"showMaterialUpdate":false,"showSkybox":false,"showFlares":true,"showImageEffects":true,"showParticleSystems":true},"in2DMode":false,"pivot":{"x":-5.711990833282471,"y":58.21623229980469,"z":128.78616333007813},"rotation":{"x":0.2594960331916809,"y":2.796769535962085e-7,"z":3.889831390324616e-8,"w":0.9657455682754517},"size":397.28082275390627,"orthographic":false}