{"cameraMode":{"drawMode":0,"name":"Shaded","section":"Shading Mode"},"sceneLighting":true,"audioPlay":false,"sceneViewState":{"showFog":true,"showMaterialUpdate":false,"showSkybox":false,"showFlares":true,"showImageEffects":true,"showParticleSystems":true},"in2DMode":false,"pivot":{"x":6.710376739501953,"y":-69.25122833251953,"z":83.08209228515625},"rotation":{"x":0.17753902077674867,"y":-0.01329388190060854,"z":0.002347744768485427,"w":0.9840227961540222},"size":404.3768615722656,"orthographic":false}