{"cameraMode":{"drawMode":0,"name":"Shaded","section":"Shading Mode"},"sceneLighting":false,"audioPlay":false,"sceneViewState":{"showFog":true,"showMaterialUpdate":false,"showSkybox":true,"showFlares":true,"showImageEffects":true,"showParticleSystems":true},"in2DMode":false,"pivot":{"x":29.463409423828126,"y":-9.05447006225586,"z":-58.97728729248047},"rotation":{"x":0.18428367376327516,"y":-0.6340469717979431,"z":0.15920010209083558,"w":0.7339482307434082},"size":264.6685485839844,"orthographic":false}