{"cameraMode":{"drawMode":0,"name":"Shaded","section":"Shading Mode"},"sceneLighting":true,"audioPlay":false,"sceneViewState":{"showFog":true,"showMaterialUpdate":false,"showSkybox":false,"showFlares":true,"showImageEffects":true,"showParticleSystems":true},"in2DMode":false,"pivot":{"x":19.321125030517579,"y":-9.329328536987305,"z":58.698822021484378},"rotation":{"x":0.03448754921555519,"y":0.01798846200108528,"z":-0.0006208127597346902,"w":0.9992433786392212},"size":256.9951171875,"orthographic":false}