{"cameraMode":{"drawMode":0,"name":"Shaded","section":"Shading Mode"},"sceneLighting":true,"audioPlay":false,"sceneViewState":{"showFog":true,"showMaterialUpdate":false,"showSkybox":false,"showFlares":true,"showImageEffects":true,"showParticleSystems":true},"in2DMode":false,"pivot":{"x":-24.675020217895509,"y":-93.53157043457031,"z":122.95457458496094},"rotation":{"x":0.2440916895866394,"y":-0.08280567079782486,"z":0.020872024819254876,"w":0.965989887714386},"size":376.1596984863281,"orthographic":false}