{"cameraMode":{"drawMode":0,"name":"Shaded","section":"Shading Mode"},"sceneLighting":true,"audioPlay":false,"sceneViewState":{"showFog":true,"showMaterialUpdate":false,"showSkybox":false,"showFlares":true,"showImageEffects":true,"showParticleSystems":true},"in2DMode":false,"pivot":{"x":31.7490234375,"y":197.38671875,"z":95.7403564453125},"rotation":{"x":0.28548112511634829,"y":-0.3693826496601105,"z":0.12036336213350296,"w":0.8761141896247864},"size":2936.98681640625,"orthographic":false}