{"cameraMode":{"drawMode":0,"name":"Shaded","section":"Shading Mode"},"sceneLighting":false,"audioPlay":false,"sceneViewState":{"showFog":true,"showMaterialUpdate":false,"showSkybox":false,"showFlares":true,"showImageEffects":true,"showParticleSystems":true},"in2DMode":false,"pivot":{"x":32.61289978027344,"y":-40.4222412109375,"z":14.3388671875},"rotation":{"x":-0.16551187634468079,"y":0.05117513984441757,"z":-0.008549695834517479,"w":-0.9848424196243286},"size":176.6719207763672,"orthographic":false}