{"cameraMode":{"drawMode":0,"name":"Shaded","section":"Shading Mode"},"sceneLighting":true,"audioPlay":false,"sceneViewState":{"showFog":true,"showMaterialUpdate":false,"showSkybox":false,"showFlares":true,"showImageEffects":true,"showParticleSystems":true},"in2DMode":false,"pivot":{"x":15.766989707946778,"y":-4.2741851806640629,"z":-7.6977386474609379},"rotation":{"x":0.18050505220890046,"y":-0.0014753686264157296,"z":0.0002707504609134048,"w":0.9835740327835083},"size":250.82058715820313,"orthographic":false}