{"cameraMode":{"drawMode":0,"name":"Shaded","section":"Shading Mode"},"sceneLighting":true,"audioPlay":false,"sceneViewState":{"showFog":true,"showMaterialUpdate":false,"showSkybox":false,"showFlares":true,"showImageEffects":true,"showParticleSystems":true},"in2DMode":false,"pivot":{"x":693.0537109375,"y":349.7080078125,"z":-297.0625},"rotation":{"x":0.01799939014017582,"y":-0.004494612570852041,"z":0.000053159990784479305,"w":0.9998729825019836},"size":101.09376525878906,"orthographic":true}