{"cameraMode":{"drawMode":0,"name":"Shaded","section":"Shading Mode"},"sceneLighting":false,"audioPlay":false,"sceneViewState":{"showFog":true,"showMaterialUpdate":false,"showSkybox":false,"showFlares":true,"showImageEffects":true,"showParticleSystems":true},"in2DMode":false,"pivot":{"x":694.0999755859375,"y":367.79998779296877,"z":-320.0},"rotation":{"x":0.2644767165184021,"y":0.15966790914535523,"z":-0.04443465545773506,"w":0.9500698447227478},"size":34.30982208251953,"orthographic":true}