{"cameraMode":{"drawMode":0,"name":"Shaded","section":"Shading Mode"},"sceneLighting":true,"audioPlay":false,"sceneViewState":{"showFog":true,"showMaterialUpdate":false,"showSkybox":false,"showFlares":true,"showImageEffects":true,"showParticleSystems":true},"in2DMode":false,"pivot":{"x":-142.1378173828125,"y":-596.20849609375,"z":5076.9619140625},"rotation":{"x":0.043486014008522037,"y":-0.0029970346949994566,"z":0.0001304378529312089,"w":0.999049961566925},"size":4492.0576171875,"orthographic":false}