{"cameraMode":{"drawMode":0,"name":"Shaded","section":"Shading Mode"},"sceneLighting":false,"audioPlay":false,"sceneViewState":{"showFog":true,"showMaterialUpdate":false,"showSkybox":false,"showFlares":true,"showImageEffects":true,"showParticleSystems":true},"in2DMode":false,"pivot":{"x":0.0752105712890625,"y":0.0623779296875,"z":0.0078125},"rotation":{"x":0.08963270485401154,"y":0.49465709924697878,"z":-0.0513833649456501,"w":0.8629373908042908},"size":1.5947026014328004,"orthographic":true}