{"cameraMode":{"drawMode":0,"name":"Shaded","section":"Shading Mode"},"sceneLighting":true,"audioPlay":false,"sceneViewState":{"showFog":true,"showMaterialUpdate":false,"showSkybox":false,"showFlares":true,"showImageEffects":true,"showParticleSystems":true},"in2DMode":false,"pivot":{"x":69.25682830810547,"y":-34.267337799072269,"z":-24.780864715576173},"rotation":{"x":0.043483443558216098,"y":-0.013488459400832653,"z":0.0005369906430132687,"w":0.9989668130874634},"size":34.015621185302737,"orthographic":false}