{"cameraMode":{"drawMode":0,"name":"Shaded","section":"Shading Mode"},"sceneLighting":true,"audioPlay":false,"sceneViewState":{"showFog":true,"showMaterialUpdate":false,"showSkybox":false,"showFlares":true,"showImageEffects":true,"showParticleSystems":true},"in2DMode":false,"pivot":{"x":-263.96112060546877,"y":-335.8454284667969,"z":1290.3323974609375},"rotation":{"x":0.11762639880180359,"y":-0.09962738305330277,"z":0.011861415579915047,"w":0.9879768490791321},"size":1654.496337890625,"orthographic":false}