{"cameraMode":{"drawMode":0,"name":"Shaded","section":"Shading Mode"},"sceneLighting":false,"audioPlay":false,"sceneViewState":{"showFog":true,"showMaterialUpdate":false,"showSkybox":false,"showFlares":true,"showImageEffects":true,"showParticleSystems":true},"in2DMode":false,"pivot":{"x":665.55224609375,"y":376.849365234375,"z":-319.84375},"rotation":{"x":0.0644264742732048,"y":-0.029934244230389596,"z":0.0019393188413232566,"w":0.9974853992462158},"size":10.161529541015625,"orthographic":true}