{"cameraMode":{"drawMode":0,"name":"Shaded","section":"Shading Mode"},"sceneLighting":false,"audioPlay":false,"sceneViewState":{"showFog":true,"showMaterialUpdate":false,"showSkybox":true,"showFlares":true,"showImageEffects":true,"showParticleSystems":true},"in2DMode":false,"pivot":{"x":-48.987571716308597,"y":-13.976129531860352,"z":-7.547016143798828},"rotation":{"x":-0.14611408114433289,"y":-0.06877892464399338,"z":0.010234173387289048,"w":-0.9868219494819641},"size":285.4610900878906,"orthographic":false}