{"cameraMode":{"drawMode":0,"name":"Shaded","section":"Shading Mode"},"sceneLighting":false,"audioPlay":false,"sceneViewState":{"showFog":true,"showMaterialUpdate":false,"showSkybox":false,"showFlares":true,"showImageEffects":true,"showParticleSystems":true},"in2DMode":false,"pivot":{"x":0.0752105712890625,"y":0.0623779296875,"z":0.0078125},"rotation":{"x":0.17681241035461427,"y":0.36911264061927798,"z":-0.07177311182022095,"w":0.9095948934555054},"size":5.138352870941162,"orthographic":true}