{"cameraMode":{"drawMode":0,"name":"Shaded","section":"Shading Mode"},"sceneLighting":false,"audioPlay":false,"sceneViewState":{"showFog":true,"showMaterialUpdate":false,"showSkybox":false,"showFlares":true,"showImageEffects":true,"showParticleSystems":true},"in2DMode":false,"pivot":{"x":0.24530792236328126,"y":9.93297004699707,"z":-7.286155700683594},"rotation":{"x":0.1444186568260193,"y":-0.743245542049408,"z":0.1700846552848816,"w":0.6308555006980896},"size":26.299951553344728,"orthographic":false}