{"cameraMode":{"drawMode":0,"name":"Shaded","section":"Shading Mode"},"sceneLighting":true,"audioPlay":false,"sceneViewState":{"showFog":true,"showMaterialUpdate":false,"showSkybox":false,"showFlares":true,"showImageEffects":true,"showParticleSystems":true},"in2DMode":false,"pivot":{"x":2.67525577545166,"y":-5.425910949707031,"z":99.15158081054688},"rotation":{"x":0.07792051136493683,"y":0.0029911149758845569,"z":-0.00023381516803056002,"w":0.9969559907913208},"size":290.331298828125,"orthographic":false}